group,flag,booked,strip_search_rate
All groups,Flagged mental instability,681,0.7209985315712188
All groups,Not flagged,12118,0.47829674863838917
Black,Flagged mental instability,230,0.8043478260869565
Black,Not flagged,3753,0.5107913669064749
Indigenous,Flagged mental instability,29,0.6551724137931034
Indigenous,Not flagged,426,0.5892018779342723
Other groups,Flagged mental instability,111,0.5855855855855856
Other groups,Not flagged,2320,0.33189655172413796
White,Flagged mental instability,311,0.7138263665594855
White,Not flagged,5619,0.5086314290799074
