offence_category,arrests,share,label
"Warrants, compliance & administrative",16396,0.2518161293790604,  25%
Assault & crimes against persons,14961,0.22977684262259834,  23%
Robbery & theft,8334,0.12799680545529943,  13%
Other,6410,0.09844726697485832,  10%
Vehicle related & impaired,4107,0.06307689944863387,  6%
Mischief & fraud,3528,0.054184392806131076,  5%
Drug related,2751,0.042250925342876014,  4%
Harassment & threatening,2614,0.04014682618912319,  4%
Weapons & homicide,2286,0.035109274930503295,  4%
Break & enter,1784,0.027399364162737482,  3%
Sexual offences & crimes against children,1701,0.02612461796009891,  3%
Mental health,239,0.0036706547280797412,  <1%
