model,term,estimate,ci_low,ci_high,p_value,n
All apprehensions,nia,0.9291669486012325,0.7654751977556272,1.127863085445839,0.4574654153356461,1896
All apprehensions,renter_pct,1.1603777882247366,1.0497148312207045,1.2827070470553659,0.0036287086577189605,1896
All apprehensions,low_income_pct,1.1205052558092026,1.0071256844237633,1.246648802343286,0.036580419212938704,1896
All apprehensions,indigenous_pct,1.2058406242380932,1.1337043142523542,1.2825668851951229,2.728211715315433e-09,1896
All apprehensions,black_pct,1.0224780362826291,0.9463339409940281,1.1047488517449031,0.5734494757469619,1896
Excluding downtown core,nia,1.0907951715264843,0.9286653601266173,1.2812302012247625,0.28980698696203433,1740
Excluding downtown core,renter_pct,1.1658137443531915,1.0778075448887792,1.2610059123895434,0.00012762605046447297,1740
Excluding downtown core,low_income_pct,0.9880974821863934,0.9121649434934775,1.0703509724500513,0.7691396425524119,1740
Excluding downtown core,indigenous_pct,1.1736923037087283,1.1159227923007122,1.2344524489413662,4.999434125974806e-10,1740
Excluding downtown core,black_pct,1.0332901344630887,0.9653095191198395,1.1060581925600987,0.3456092116657734,1740
Section 17 only,nia,0.9531813793721441,0.7960767778192787,1.1412903469821334,0.601812558974341,1896
Section 17 only,renter_pct,1.1641630429169603,1.0719856767322227,1.264266510187914,0.0003043220048795515,1896
Section 17 only,low_income_pct,1.0921797594743474,0.9919008968684742,1.2025965807384644,0.0727386142865381,1896
Section 17 only,indigenous_pct,1.1763416865282526,1.1190617276349826,1.2365535602657096,1.8095635008651308e-10,1896
Section 17 only,black_pct,1.0250905408185287,0.9577748088441599,1.0971374556653237,0.4745687829452505,1896
Other apprehension types,nia,0.8236121794210717,0.5937700434283332,1.1424237877918497,0.2450784225362177,1896
Other apprehension types,renter_pct,1.1372124502724557,0.9387313413159329,1.377659507183147,0.18888273623410146,1896
Other apprehension types,low_income_pct,1.2317758451649492,1.0345069564679157,1.4666617012535108,0.019235501810508954,1896
Other apprehension types,indigenous_pct,1.3302924247652688,1.1653366985884064,1.5185979618864673,2.387087800540077e-05,1896
Other apprehension types,black_pct,1.0250610947415415,0.8935902200285559,1.1758748298735293,0.7237574622895643,1896
