predictor,value,estimate,ci_low,ci_high
renter_pct,13.901874936657546,3.8315429691845453,3.077751316233824,4.815386726446993
renter_pct,15.61318294456607,3.8617806735783473,3.1372822325319354,4.795584477055179
renter_pct,17.324490952474594,3.897102793062615,3.1908482250268526,4.793458602396085
renter_pct,19.03579896038312,3.929786574306875,3.244048522567182,4.772763120300698
renter_pct,20.747106968291646,3.95848531731011,3.3066099016041544,4.75819255084955
renter_pct,22.45841497620017,3.986749436407053,3.3664304515844536,4.751223806983385
renter_pct,24.169722984108695,4.015509511552461,3.4235025350803854,4.74353797816351
renter_pct,25.881030992017223,4.0462194509349185,3.479071626517843,4.7439643475409135
renter_pct,27.592338999925744,4.079647732054003,3.536300461879352,4.728356177098126
renter_pct,29.30364700783427,4.1095332829675835,3.5954785302882812,4.719926169566392
renter_pct,31.014955015742796,4.1390279266342525,3.660327093180677,4.706710137504438
renter_pct,32.72626302365132,4.172360459657637,3.7236492846362554,4.704986760319926
renter_pct,34.43757103155984,4.203068484175617,3.781445313330418,4.70873391115565
renter_pct,36.14887903946837,4.2382577973449225,3.8391258040242904,4.7133912649338345
renter_pct,37.8601870473769,4.275181260341481,3.8963009494727805,4.696393084428812
renter_pct,39.571495055285425,4.3098523121041445,3.943874220938267,4.709156142755519
renter_pct,41.282803063193946,4.345151132276777,3.9913595941706057,4.726749053170536
renter_pct,42.994111071102466,4.377876588560458,4.04529265348653,4.746430010686922
renter_pct,44.705419079010994,4.412773410139963,4.084873910801659,4.779503995578449
renter_pct,46.41672708691952,4.4443170882523155,4.1194599345185345,4.8105895949752915
renter_pct,48.12803509482805,4.479984731470607,4.14984503308536,4.848811221187284
renter_pct,49.839343102736564,4.511011922699893,4.168589578127146,4.905640913010047
renter_pct,51.55065111064509,4.551168963385285,4.186016680620779,4.956825380384445
renter_pct,53.26195911855362,4.58775256999884,4.198237836502381,5.028155593451903
renter_pct,54.97326712646215,4.62295018832234,4.208288410201104,5.105800868229145
renter_pct,56.684575134370675,4.660410244174454,4.207504845569745,5.180047123391569
renter_pct,58.39588314227919,4.6984126737481375,4.214150159728103,5.261291180509132
renter_pct,60.10719115018772,4.735215486658175,4.216059790952892,5.350380395943991
renter_pct,61.818499158096245,4.77585471564555,4.217486575244756,5.433267193734149
renter_pct,63.52980716600477,4.8182059507511585,4.207185419092273,5.527245396013727
renter_pct,65.2411151739133,4.8590297791206325,4.207183498555655,5.623951147695004
renter_pct,66.95242318182181,4.8971501849087185,4.197517440050241,5.724393027988402
renter_pct,68.66373118973034,4.934414189284729,4.1817042530220165,5.828429454678762
renter_pct,70.37503919763887,4.973104814791581,4.166407070288898,5.931145725334492
renter_pct,72.0863472055474,5.007821030305552,4.148166916768975,6.0349057165885975
renter_pct,73.79765521345593,5.049407601123332,4.1391343891078884,6.140455070234822
renter_pct,75.50896322136444,5.086784151558923,4.139022799593774,6.2487268084552285
renter_pct,77.22027122927297,5.126207781374051,4.12481704915215,6.366885770741089
renter_pct,78.9315792371815,5.16747586266953,4.107714110531715,6.472243767603958
renter_pct,80.64288724509002,5.209197686855368,4.094652410032131,6.591540814449635
low_income_pct,5.6,2.863366540245364,2.2493080080442054,3.6205476140975654
low_income_pct,6.053846153846154,2.9424015753863912,2.3485658480239677,3.6641576998062093
low_income_pct,6.507692307692308,3.0199673971487067,2.4507057711607176,3.7141121351396142
low_income_pct,6.961538461538462,3.1050380718179915,2.5604258715836083,3.7547701537214473
low_income_pct,7.415384615384616,3.1914559617589404,2.669284413652249,3.805378264063382
low_income_pct,7.86923076923077,3.2801601640928415,2.7791897921004938,3.8549517344816313
low_income_pct,8.323076923076922,3.370436892824007,2.8953364858530692,3.9079190220473508
low_income_pct,8.776923076923076,3.464500616052257,3.019510021030528,3.9634558765161243
low_income_pct,9.23076923076923,3.5586905683927865,3.146817091462504,4.019298269709192
low_income_pct,9.684615384615384,3.653427610667925,3.270118090344732,4.083737871189084
low_income_pct,10.138461538461538,3.754315364746697,3.4034653036407208,4.148481185927955
low_income_pct,10.592307692307692,3.860262650469456,3.525530819222441,4.220884870705646
low_income_pct,11.046153846153846,3.9714222431848594,3.6551416365189286,4.300708357666136
low_income_pct,11.5,4.081629654711286,3.7888468688243506,4.399948858095957
low_income_pct,11.953846153846154,4.192148387384496,3.9065890636686444,4.506087973449676
low_income_pct,12.407692307692308,4.3035071454074405,4.009383651834213,4.629838552303158
low_income_pct,12.861538461538462,4.4248694530761,4.100879934337863,4.784947432716708
low_income_pct,13.315384615384616,4.550628733491831,4.189999704126374,4.956857710502645
low_income_pct,13.76923076923077,4.677386885577086,4.276316394814322,5.145248450164096
low_income_pct,14.223076923076924,4.805795137999864,4.349391436356554,5.339842587224153
low_income_pct,14.676923076923078,4.936426518667181,4.42261913267008,5.549025532038405
low_income_pct,15.130769230769232,5.077192443074673,4.4927752472265245,5.773391526179744
low_income_pct,15.584615384615386,5.215945721837693,4.5763624138011645,6.021079447028674
low_income_pct,16.03846153846154,5.3631438665551645,4.636446853791731,6.27439602859028
low_income_pct,16.49230769230769,5.515346140685509,4.7060315882197905,6.53108228061307
low_income_pct,16.946153846153848,5.665675749997267,4.755760532293469,6.806311441290135
low_income_pct,17.4,5.81890675607737,4.820383236903109,7.108835350761445
low_income_pct,17.853846153846156,5.979526293166931,4.880850347476024,7.4047806597666295
low_income_pct,18.307692307692307,6.1457429183696775,4.952195901588853,7.733893886724906
low_income_pct,18.761538461538464,6.31818423234008,5.009991671050665,8.083472807803108
low_income_pct,19.215384615384615,6.493241603531221,5.0733503885821545,8.433576039498417
low_income_pct,19.669230769230772,6.668132221238589,5.134392692011954,8.793431607315846
low_income_pct,20.123076923076923,6.851957924264046,5.196169511243286,9.16766364917218
low_income_pct,20.57692307692308,7.041876346619845,5.258689685287574,9.57327906944833
low_income_pct,21.03076923076923,7.234865309607964,5.321962159530553,10.00935448912283
low_income_pct,21.484615384615388,7.42847372528147,5.383851773170584,10.458100927341246
low_income_pct,21.93846153846154,7.638398346163417,5.446165080942266,10.900439987622711
low_income_pct,22.392307692307696,7.848633502647671,5.509243304724848,11.39857009072097
low_income_pct,22.846153846153847,8.067214719635146,5.57269206056918,11.895348896444094
low_income_pct,23.3,8.290908784937427,5.636901240584726,12.43772142301848
indigenous_pct,0.12489381138574687,3.8167684472359604,3.2912655620770543,4.435927989223399
indigenous_pct,0.1747086401313565,3.854465501378951,3.349086834300214,4.451724760357831
indigenous_pct,0.22452346887696617,3.892043963478002,3.4095817290875106,4.470028443100294
indigenous_pct,0.2743382976225758,3.933493333617437,3.466633682492966,4.485336779891271
indigenous_pct,0.3241531263681855,3.97108771828311,3.52252082083567,4.50264361014861
indigenous_pct,0.3739679551137951,4.009297083712066,3.582142402362798,4.520007217775727
indigenous_pct,0.4237827838594047,4.048689350474938,3.6382024415868646,4.537914042306098
indigenous_pct,0.47359761260501443,4.088272300881835,3.6922529179110546,4.563853415286353
indigenous_pct,0.523412441350624,4.130205126384002,3.7473902367851415,4.586603383321103
indigenous_pct,0.5732272700962338,4.172522789514681,3.797275293964968,4.609175457487634
indigenous_pct,0.6230420988418434,4.217132908846244,3.8558172863524645,4.6377670688830115
indigenous_pct,0.672856927587453,4.258888673668737,3.9069513686386004,4.6645916450959275
indigenous_pct,0.7226717563330626,4.300805296346004,3.9551327419922186,4.693486281061267
indigenous_pct,0.7724865850786723,4.345949711967831,4.002668511387878,4.724854989631368
indigenous_pct,0.8223014138242819,4.388424125485447,4.056530667994513,4.759125716143266
indigenous_pct,0.8721162425698916,4.431511029022924,4.104935689187803,4.799366858441277
indigenous_pct,0.9219310713155012,4.474062282468324,4.152659766564474,4.827678082214503
indigenous_pct,0.9717459000611108,4.518323594047452,4.1939874998265045,4.876101363623405
indigenous_pct,1.0215607288067206,4.5636514110347,4.236841526258334,4.923208366424722
indigenous_pct,1.0713755575523303,4.609930170701116,4.283426642026974,4.972210861697076
indigenous_pct,1.12119038629794,4.659569620498013,4.308010155210858,5.032281965165121
indigenous_pct,1.1710052150435495,4.703837750330829,4.343850223460423,5.1005846226584115
indigenous_pct,1.2208200437891592,4.7516670298533334,4.38178679733453,5.165913647629192
indigenous_pct,1.270634872534769,4.801049634187652,4.412544190604194,5.237958351046475
indigenous_pct,1.3204497012803784,4.8522952319600865,4.4389341223724,5.31401428507149
indigenous_pct,1.3702645300259881,4.8979911003747,4.467067535823847,5.388430090067276
indigenous_pct,1.4200793587715979,4.946455187466974,4.483978282808088,5.470926371879326
indigenous_pct,1.4698941875172076,4.994640030945195,4.511492095698928,5.555629298597555
indigenous_pct,1.519709016262817,5.04319812618292,4.537414949989337,5.639685627839667
indigenous_pct,1.5695238450084268,5.094692286811042,4.555071752535558,5.726087171474767
indigenous_pct,1.6193386737540365,5.144859633818147,4.573987021411267,5.814899439438288
indigenous_pct,1.669153502499646,5.198092267107681,4.592180649929672,5.9069509151746376
indigenous_pct,1.7189683312452557,5.247034904649123,4.6114967437159065,5.9990275945398155
indigenous_pct,1.7687831599908654,5.297040312236998,4.629659698107613,6.100017799061181
indigenous_pct,1.818597988736475,5.350251910513505,4.645946275501908,6.195891472207824
indigenous_pct,1.8684128174820847,5.407907715521554,4.663590400372225,6.310900213729675
indigenous_pct,1.9182276462276944,5.461034371738049,4.678714509905897,6.424041573152591
indigenous_pct,1.9680424749733039,5.515572320327667,4.691359212575816,6.5362892744503895
indigenous_pct,2.0178573037189134,5.569385221251384,4.70424902363129,6.642623427697781
indigenous_pct,2.0676721324645233,5.6248317431858075,4.7111277915046506,6.752806059601511
