model,term,estimate,ci_low,ci_high,p_value,n,quarter
Event study,"C(k, Treatment(-1))[T.-12]",0.8861685484033407,0.5233596677179643,1.5004876084614054,0.6528874309410106,1564.0,-12
Event study,"C(k, Treatment(-1))[T.-11]",1.0008241057919272,0.8410117240219942,1.191004669880221,0.9925953756514486,1564.0,-11
Event study,"C(k, Treatment(-1))[T.-10]",0.9676403956628813,0.8523335129232577,1.0985464270990393,0.6113640534040111,1564.0,-10
Event study,"C(k, Treatment(-1))[T.-9]",1.0055181499666261,0.9015820462372123,1.1214362066458985,0.9212544843768499,1564.0,-9
Event study,"C(k, Treatment(-1))[T.-8]",0.9199544286190933,0.8308525909031339,1.0186116767306939,0.10845516241800388,1564.0,-8
Event study,"C(k, Treatment(-1))[T.-7]",0.9214369090383874,0.8181732732808341,1.0377336990410175,0.17727269952522118,1564.0,-7
Event study,"C(k, Treatment(-1))[T.-6]",0.9680736056360414,0.8876180070648858,1.0558218721002783,0.4635914274339391,1564.0,-6
Event study,"C(k, Treatment(-1))[T.-5]",0.9146236516071765,0.8211434693607083,1.0187457555139805,0.10473058668940433,1564.0,-5
Event study,"C(k, Treatment(-1))[T.-4]",0.9567684663928594,0.8490734775763946,1.0781232984649214,0.4682363836529988,1564.0,-4
Event study,"C(k, Treatment(-1))[T.-3]",0.9815798763770803,0.886933599390942,1.0863260275290956,0.7193055679358883,1564.0,-3
Event study,"C(k, Treatment(-1))[T.-2]",0.984369551337644,0.8963861284845976,1.080988853808802,0.7415684577358934,1564.0,-2
Event study,reference,1.0,1.0,1.0,,,-1
Event study,"C(k, Treatment(-1))[T.0]",0.9407406420809513,0.8724885978834609,1.0143318294471166,0.11191136150540501,1564.0,0
Event study,"C(k, Treatment(-1))[T.1]",1.0382473009798674,0.9429913172660579,1.143125539180168,0.44459550328059894,1564.0,1
Event study,"C(k, Treatment(-1))[T.2]",0.9902903345605123,0.9075143230152429,1.0806164948071013,0.8265845796851509,1564.0,2
Event study,"C(k, Treatment(-1))[T.3]",0.9683352358608163,0.8726090433851788,1.0745626992037989,0.5445998960944488,1564.0,3
Event study,"C(k, Treatment(-1))[T.4]",0.9351830223395818,0.8499057306465783,1.0290168117902383,0.16955338756346283,1564.0,4
Event study,"C(k, Treatment(-1))[T.5]",1.0240375692092432,0.8843993311510226,1.1857233561983602,0.7508124457997436,1564.0,5
Event study,"C(k, Treatment(-1))[T.6]",0.950708475881359,0.8109524463590618,1.1145494537573222,0.5332179992212722,1564.0,6
Event study,"C(k, Treatment(-1))[T.7]",0.9820056514322543,0.8252314680906851,1.1685631689204015,0.8378724078359864,1564.0,7
Event study,"C(k, Treatment(-1))[T.8]",0.8808263372405187,0.6946225791446948,1.1169447404544157,0.29499226250629307,1564.0,8
