measure,city_share,rho_all,rho_outside_downtown,vif
renter_pct,46.32035555236866,0.5266239604234519,0.4599039521335222,3.1362028451868733
low_income_pct,13.187085746154876,0.3751616482355116,0.2816905860502551,4.992533468981107
indigenous_pct,0.8298598609969629,0.5347352055726019,0.49764997638167213,1.8811428770007959
black_pct,9.596437838615728,0.26639781306713683,0.30695559754369384,2.786232002973614
south_asian_pct,13.958402420776777,-0.03207531957423569,-0.07606676113997794,1.7423280910273007
east_southeast_asian_pct,20.852023069688695,-0.06184900488165522,-0.15156668241221852,2.5799294596499904
middle_eastern_pct,4.033113629569657,-0.10245999522331024,-0.17197685403873406,1.9466960874514887
latin_american_pct,3.3479022540913794,0.33951463355639766,0.338824594552039,2.318737866753728
visible_minority_pct,55.672437535114334,-0.04854425055411122,-0.07339395370807746,
