race_group,mental_instability,predicted_probability,ci_low,ci_high,booked_in_group,flagged_in_group
White,False,0.5058055572001866,0.49162898498549723,0.5201405091236654,5928,310
White,True,0.7116843508390313,0.6643316345711938,0.7546750963277989,5928,310
Black,False,0.4870729355908749,0.47009779540654845,0.5053211604862992,3982,230
Black,True,0.7899605760652867,0.7309071413934949,0.837389508772869,3982,230
Indigenous,False,0.5752500950523356,0.52628217119009,0.6218292654382183,454,29
Indigenous,True,0.6219144379131778,0.4730971767548853,0.7537530304351117,454,29
East/Southeast Asian,False,0.37493777317340354,0.3426086518947364,0.411800538807948,807,38
East/Southeast Asian,True,0.5131938012338011,0.3754325734424483,0.6510113145641171,807,38
South Asian,False,0.3722425438329631,0.33577007022250904,0.41105723197451677,702,25
South Asian,True,0.7028913424024393,0.5091067370637025,0.8329254830328057,702,25
Middle-Eastern,False,0.3822744564327261,0.33991064499836166,0.4256433782063078,565,34
Middle-Eastern,True,0.5687182067763965,0.3994480117617458,0.7212108094824964,565,34
Latino,False,0.36614544055354153,0.31788734951471703,0.42125226882107714,357,14
Latino,True,0.7768551293189218,0.5771438281218805,0.8979027490384591,357,14
